statistics_target,analyze_run,analyze_runs,null_frac,n_distinct_raw,n_distinct_estimate,real_n_distinct,miss_ratio,reltuples,active_attstattarget
100,1,1,0.819667,6544.0,6544.0,20000,3.056,20003698,100
2000,1,1,0.819482,20003.0,20003.0,20000,1.0,20000000,2000
5000,1,2,0.820107,20000.0,20000.0,20000,1.0,20000000,5000
5000,2,2,0.820033,20000.0,20000.0,20000,1.0,20000000,5000
