mode,iterations,wall_seconds,throughput_ops_sec,lookup_p50_ns,lookup_p90_ns,lookup_p99_ns,lookup_p999_ns,n_entries,payload_bytes
onheap,40000000,44.084371,907351.04,667,1166,3417,31708,4500000,192
offheap,40000000,48.584537,823307.21,500,917,5334,33583,4500000,192
