mode,iterations,wall_seconds,throughput_ops_sec,lookup_p50_ns,lookup_p90_ns,lookup_p99_ns,lookup_p999_ns,n_entries,payload_bytes
onheap,40000000,15.325002,2610113.87,292,459,708,5792,3500000,192
offheap,40000000,20.227643,1977491.87,333,792,1500,8750,3500000,192
