retry_p,n_events,delivered,duplicates,duplicate_rate,unique_after_dedup
0.005,40000,40185,185,0.0046,40000
0.01,40000,40423,423,0.01046,40000
0.02,40000,40813,813,0.01992,40000
0.05,40000,42143,2143,0.05085,40000
