mode,iterations,wall_seconds,throughput_ops_sec,lookup_p50_ns,lookup_p90_ns,lookup_p99_ns,lookup_p999_ns,n_entries,payload_bytes
onheap,40000000,15.542724,2573551.44,333,500,708,2000,3500000,192
offheap,40000000,10.693585,3740560.52,250,334,625,791,3500000,192
