statistics_target,analyze_run,analyze_runs,null_frac,n_distinct_raw,n_distinct_estimate,real_n_distinct,miss_ratio,reltuples,active_attstattarget
100,1,1,0.822367,32009.0,32009.0,200000,6.248,20000024,100
2000,1,1,0.820382,200048.0,200048.0,200000,1.0,20000000,2000
5000,1,2,0.819734,199833.0,199833.0,200000,1.001,20000000,5000
5000,2,2,0.819707,200179.0,200179.0,200000,0.999,20000000,5000
