mode,iterations,wall_seconds,throughput_ops_sec,lookup_p50_ns,lookup_p90_ns,lookup_p99_ns,lookup_p999_ns,n_entries,payload_bytes
onheap,40000000,34.619745,1155410.00,708,1250,2000,13500,3500000,192
offheap,40000000,11.311985,3536072.71,250,375,875,1584,3500000,192
