mode,iterations,wall_seconds,throughput_ops_sec,lookup_p50_ns,lookup_p90_ns,lookup_p99_ns,lookup_p999_ns,n_entries,payload_bytes
onheap,40000000,13.652726,2929817.89,292,417,625,875,3500000,192
offheap,40000000,10.501592,3808946.43,250,334,625,791,3500000,192
