statistics_target,analyze_run,analyze_runs,null_frac,n_distinct_raw,n_distinct_estimate,real_n_distinct,miss_ratio,reltuples,active_attstattarget
100,1,1,0.819433,33712.0,33712.0,50000,1.483,4999980,100
2000,1,1,0.819497,49949.0,49949.0,50000,1.001,5000000,2000
5000,1,2,0.819936,50005.0,50005.0,50000,1.0,5000000,5000
5000,2,2,0.820048,49994.0,49994.0,50000,1.0,5000000,5000
