statistics_target,analyze_run,analyze_runs,null_frac,n_distinct_raw,n_distinct_estimate,real_n_distinct,miss_ratio,reltuples,active_attstattarget
100,1,1,0.818167,31062.0,31062.0,50000,1.61,4999980,100
2000,1,1,0.82,49817.0,49817.0,50000,1.004,5000000,2000
5000,1,2,0.819836,49995.0,49995.0,50000,1.0,5000000,5000
5000,2,2,0.819785,50011.0,50011.0,50000,1.0,5000000,5000
