mode,iterations,wall_seconds,throughput_ops_sec,lookup_p50_ns,lookup_p90_ns,lookup_p99_ns,lookup_p999_ns,n_entries,payload_bytes
onheap,40000000,14.366840,2784189.17,292,458,625,2666,3500000,192
offheap,40000000,9.696519,4125191.78,209,292,458,1417,3500000,192
