mode,iterations,wall_seconds,throughput_ops_sec,lookup_p50_ns,lookup_p90_ns,lookup_p99_ns,lookup_p999_ns,n_entries,payload_bytes
onheap,40000000,14.175926,2821685.10,292,458,625,1208,3500000,192
offheap,40000000,9.681013,4131799.19,208,250,416,708,3500000,192
