mode,iterations,wall_seconds,throughput_ops_sec,lookup_p50_ns,lookup_p90_ns,lookup_p99_ns,lookup_p999_ns,n_entries,payload_bytes
onheap,40000000,36.442584,1097617.00,709,1209,1958,18791,3500000,192
offheap,40000000,15.250356,2622889.51,250,625,1208,2750,3500000,192
